0,1,2,3,4,5,6,7,8,9,10,11,12,13,14,15,16,17,18,19,20,21,22,23,24,25,26,27
2.7625760743181984,-1.8894770961618381,-0.16626571833529097,0.6828111150641668,1.00116890306325,0.8263238560420284,1.2066044012225836,2.6371522351063685,-3.034796361458602,0.05615753190484263,0.7489751319787926,-0.3869008045156,0.8654334936774707,2.630217281447808,2.958064372928433,-2.0613807882798794,-0.12596450130796166,0.6221152894601406,1.0826772651583894,0.7887428538250858,2.6416127664774427,2.648741771072452,-1.1327700230628543,-0.2584754956452543,0.802131216618296,1.2593802229705457,0.8956177848939223,0.9250261410523444
1.9106437363959539,-1.881327800205615,-0.010107257582633478,0.5124522432160316,-0.053318847302418454,0.7158576976019966,0.14615181408232214,1.1299465195968004,-2.474190942262022,0.3295093316822192,0.5587151441830224,-1.1872179319247416,0.7474725039645421,0.7704401974949318,1.909167888867589,-1.368971552171639,-0.04390049007130962,0.5597749075109224,0.4076433418519176,0.7481810659933346,-0.5236084774954928,2.1733303516288034,-1.3903454539071467,-0.05566371186305223,0.5396390991117933,0.20224366964989932,0.7346013198407646,-0.335463519755987
1.7813468069901048,-2.0713753207945875,0.11952351773859818,0.48461353968452886,-0.42231529726396316,0.6961418962284406,-0.014234493048754793,1.3338756844902666,-2.410026741270701,0.24069796028818197,0.572852623530149,-1.1825035931840377,0.7568702818384065,0.823083449036949,2.0702323493228536,-1.257206771804227,0.017514676397103003,0.5617682770867233,0.4529478981886048,0.7495120259787186,-0.4103238432229621,1.9683396588373192,-1.4249746688695826,-0.1391574881283489,0.5759792874655885,0.3529428797633486,0.7589329927375594,-0.5218020219626145
1.6195793362734936,-1.7744198647106493,0.036691670629329605,0.4896195839748546,-0.22041298503878143,0.6997282215080757,0.014343437007783955,1.1392908717838597,-2.4803566948612237,0.21154729070221898,0.5674497609420496,-1.16555688883622,0.7532926130940417,0.9588062974264857,1.907152904323824,-1.2936166737540835,-0.06754982714342822,0.5809462856139616,0.44000194668133125,0.7621983243316411,-0.45838002056269245,2.1451667519120834,-1.463367683960477,-0.08454369630157756,0.5331667517578458,0.5013815361898409,0.7301826838249766,-0.05078018569974496
1.877952358407282,-1.920751489235896,0.04164670100364687,0.43038624653442303,-0.06995854760429586,0.6560382965455774,0.3730216547029328,1.3421303291334366,-2.404732408446579,0.28893908656600586,0.5208363422363866,-1.0433216425803769,0.7216899211132068,0.4400717738786679,2.075190457646659,-1.564892855982146,-0.032667349776350954,0.5892885199404949,0.32517097654874233,0.7676513010087945,-0.35726007199203913,2.210238324140441,-1.3695468453998112,-0.10698411015634472,0.5553101226642514,0.3190144998217804,0.7451913329234656,-0.2946055051787284
1.8406364958514712,-1.88621590181276,0.10376113606652253,0.4784189316312135,-0.2892536303605008,0.6916783440525036,0.103633200116795,1.374482242285373,-2.6697596146978815,0.2649082796081298,0.5871113536498187,-1.2745151114680078,0.766231918970894,1.1856318226786131,1.9422444473145348,-1.466017498258944,-0.027127243847328487,0.5402896671709677,0.36680402502989917,0.7350439899563616,-0.53356214512766,2.4765481084904075,-1.2283067424969865,-0.09748806341221554,0.5543114820230278,0.7990847275472939,0.7445209748711099,0.4776607429114903
1.787743496146252,-2.278493256913873,0.06552301584068786,0.4662485258172564,-0.5703946544846272,0.6828239347132293,0.6996724485426582,1.2129869102088982,-2.3200809754570026,0.25586546677220817,0.5431701183691806,-1.11069527369406,0.7370007587303968,0.5225935505336383,1.8845762195697229,-1.6724794983091946,0.0019400207290288906,0.5657796211515669,0.1716667121108319,0.7521832364202002,-0.5821527793873544,2.0173580543819454,-1.4128399366587199,-0.09094549571293088,0.5819727452649591,0.3544130526875832,0.7628713818626041,-0.40510876204467294
1.582578536092702,-1.9248830029083988,0.10668038399535992,0.45515042632482167,-0.34394635702656434,0.6746483723576465,0.006814380505988815,1.4750721487136778,-2.456002120564336,0.2788765278736423,0.5600282509863082,-1.0421729827210509,0.7483503531009444,0.6590439755066404,1.7687517213405666,-1.3799902836701825,-0.03723772539323163,0.5771805799018491,0.39115995322004427,0.7597240156147818,-0.5789405890195085,2.1667085731499722,-1.2959480411760125,-0.1118791335653592,0.5428265337911742,0.3884874948191155,0.7367676253685244,-0.26392505488889784
1.6899702182514933,-1.8212585212654073,0.12235824563001019,0.4833124282097377,-0.3247252085235346,0.6952067521318659,-0.017694007907816278,1.2722595111916288,-2.356287581007199,0.28568272998048483,0.5409623666502247,-1.170643634356581,0.7355014389178478,0.756434269434989,1.9078565630003195,-1.4120868269441575,0.016637351577109348,0.550123394724651,0.37843745365332226,0.741703036750323,-0.5168320157647788,1.6241869844659143,-1.3455451762663955,-0.09224886794762224,0.5516970331080719,0.25902758294886574,0.742763106991773,-0.7365399853874135
1.5339030187075786,-1.939325825623343,0.0696754606151137,0.4340835925562301,-0.4646663245286811,0.6588502049451226,0.1301725734429522,1.5283645013949976,-2.521480493461402,0.24591052890413795,0.6071091542358403,-0.9714536622352005,0.7791720953908965,0.49934868622355433,1.7366993353554072,-1.5235385879532262,-0.05494220997718417,0.4813403581538014,0.38513692736393074,0.6937869688555712,-0.5100320237717062,2.051837591623155,-1.400968054152037,-0.1271895646750233,0.5565493696574981,0.42326859105219505,0.746022365386922,-0.43142560534622687
1.5892444000296562,-1.9320278537512476,0.10064897006943072,0.42619077260070193,-0.4241837103670301,0.6528328825976077,0.22967131821296327,1.2641475769641726,-2.175564698586215,0.27398388345618274,0.5739329677149254,-0.955513243174258,0.7575836374387487,0.0558271716051455,2.0056917232095763,-1.4135365366712584,-0.06597414235236625,0.5318301581829834,0.47609080341549287,0.7292668634889312,-0.2911492593612506,2.642954500775774,-1.2836697782711084,-0.07324175166288822,0.480665707431949,0.36317358394647364,0.6933005895222858,-0.010486020342297842
1.7166783584152334,-1.9450669797601772,0.12164535925934672,0.47987185421151385,-0.5082263562382301,0.69272783559744,0.35549059325992927,1.187013875226332,-2.2421138256264888,0.2758820104994828,0.5979059236950767,-1.131956023544913,0.7732437673173167,0.30108261030366545,1.8615745629737972,-1.4298377521796868,-0.11098626523942945,0.5905488830988895,0.42105244788688845,0.7684717841917746,-0.6084762012332714,2.130852163982346,-1.5555732006708767,-0.09305494109378754,0.5643147770099817,0.35807448314866375,0.7512088770841181,-0.43630584362085756
1.5086423064530883,-2.384780153296664,0.06346949762070582,0.4970802193229991,-0.5656414588284234,0.705039161552746,0.5346812018377403,1.246348965395033,-2.3945351212231505,0.250715110006699,0.5491990493234136,-1.0358506940764307,0.7410796511330031,0.5979338013799489,1.8313854503952622,-1.4339414762114424,-0.024538963365276563,0.535790349793718,0.22560517691791598,0.7319770145255369,-0.5859941685803447,2.354410022210142,-1.383216252791155,-0.07630265256226161,0.5567002418485725,0.5327515816457851,0.7461234762749209,0.19266990159927166
1.6022646161685827,-2.027142312384508,0.06927522075450411,0.4584231898990558,-0.49492916359521477,0.6770695606058921,0.1585442595541675,1.0818138957896877,-2.252013728555096,0.2857095341867385,0.5335848211560551,-1.1670011744230508,0.730468904989155,0.5195568456008219,1.7902952977185884,-1.4903466106014829,-0.014139334163388811,0.5501582310936537,0.24186263581186287,0.7417265204195235,-0.6621796493601759,1.748186183489826,-1.2840105733367921,-0.17126093567749365,0.5141968705717088,0.5482818190276662,0.7170752196051045,-0.41901241873873385
1.5326688982579955,-1.9572033106581384,0.0893128768904261,0.47366500982788234,-0.4757689392074361,0.6882332524863081,0.17961187954577085,1.2438307027596927,-2.471485440433348,0.259565666193703,0.5472351215057446,-1.0433415156153703,0.7397534193944254,0.3235408885564586,1.9569836650583146,-1.4467265112262118,-0.02265099554777107,0.5387889532564876,0.3640111004454334,0.7340224473791572,-0.3227378394217113,2.2763775115519924,-1.4225766433425844,-0.15636979654805397,0.6107115617584468,0.5099249322608694,0.7814803655616991,-0.25438949929206833
1.7571259592070319,-2.1208272076092007,0.11486377066019622,0.4587414276055379,-0.5322805219252966,0.6773045309205733,0.7069836061018391,1.2202013034850885,-2.452930134057328,0.26339451072672776,0.5861652600193278,-1.1710701290676435,0.7656143023868662,0.6545723583560927,2.0236366273362862,-1.7027256347325381,0.005853720127727136,0.5673988722532326,0.31052790125292545,0.7532588348325113,-0.37110785238313504,2.261493242179058,-1.3056227785585004,-0.1123318644161357,0.5625504496294763,0.41085053275958494,0.7500336323322283,-0.34190722141904084
1.856043037254608,-1.7641643844769015,0.10125131501656248,0.46884785564823683,-0.3245212067992806,0.6847246568134061,0.040426521010248795,1.1872520490534693,-2.316255750208451,0.23339080425592845,0.5785931155744022,-1.0485378675504193,0.7606530849042829,0.4650413808316558,1.832590146998707,-1.409624843821903,-0.08304839783077392,0.5782983630874851,0.30995456456189385,0.760459310606087,-0.7494570121283628,1.9429982883563965,-1.617036228850419,-0.08838398371121528,0.5391944713491436,0.36642768582689933,0.7342986254577517,-0.12296662250678159
1.435430142686959,-1.9964719721954656,0.11621291942304235,0.44912254760128295,-0.627707364720844,0.6701660597204867,0.3766232338016873,1.1732506205038047,-2.2002055906519837,0.2957455593069735,0.5221730254953397,-1.15707018750121,0.7226154063506671,0.5730697099154654,1.9905298457074765,-1.4212056219955058,-0.035187507611824695,0.5389358565599562,0.4193701472778412,0.7341225078690587,-0.42065580939651603,2.360311335882035,-1.3319009119004177,-0.12788846118295952,0.5534626497038793,0.5701181897604841,0.7439507038130142,-0.08004549036169761
1.6469539930693755,-1.739253281446005,0.09831686870858714,0.4873683579651147,-0.15282069021197117,0.6981177250042536,-0.13293268104822653,1.3108134355702583,-2.4408735063720473,0.221146776243813,0.5759215676663646,-1.1060917505291306,0.7588949648445196,0.5654239928720637,1.8106160635803281,-1.5452562985832108,-0.00348263829472355,0.5748185575331468,0.2581437456635495,0.7581678953458441,-0.4831472992067769,2.0121712517342965,-1.4250662448396914,-0.13586402939143957,0.49583245625300554,0.46838062598759317,0.7041537163524776,-0.24184895688073826
1.6723766372409714,-1.9363092896539182,0.0869067961462996,0.46282910292969687,-0.33531261555283504,0.6803154436948325,0.1739621110504035,1.2089561269703837,-2.494948252175692,0.25258116312176054,0.5548823744981729,-1.190502824797117,0.744904272036463,1.0412196461157048,1.7016101642250572,-1.4976797914280167,-0.03587275323715936,0.5172281744680632,0.38046803641950294,0.7191857718754336,-0.5085735657051376,2.0503613761154225,-1.554885867368709,-0.09862653143714725,0.536890688518585,0.2457486923178303,0.7327282501163613,-0.35831672934240455
1.7356573866696514,-2.2551262885231393,0.05063342691876729,0.4908377770948296,-0.2857044646865667,0.7005981566453267,0.3057358291902621,1.2837200322065798,-2.4390507375679817,0.27863442990096804,0.5600140533242428,-1.0130412481116562,0.7483408670681048,0.37562760135889484,1.9905460547427267,-1.5279015088924546,0.002102202562502831,0.5888554674624227,0.2630736873961577,0.7673691858958259,-0.5890931116653948,2.178310377075127,-1.5545715499901478,-0.04712898362919733,0.5730981804882146,0.17014141145916895,0.7570324831129868,-0.07428199290973181
1.8314327849378658,-1.870071826140089,0.06957007563617996,0.4922135518097765,-0.16286100592953678,0.7015793268118556,0.18199053430428247,1.1700021010640043,-2.3816134007453145,0.25057212238094195,0.5777749201080936,-1.1787896399429012,0.760115070307183,0.7106477716795285,1.6964741683257796,-1.8977806454945891,0.0158528303034814,0.5809891552637926,0.14265575413965648,0.7622264461849855,-0.5127411882829453,2.1065486643920837,-1.2695357527183946,-0.10975565883133805,0.5247724769987984,0.4550994815029344,0.7244118145080175,-0.3208951857753064
1.7180367930112133,-1.9401540503485297,0.10919754627396891,0.4721631753508496,-0.41831596323540415,0.6871413066836032,0.38287926490789737,1.2165914462768184,-2.3641312781222146,0.2505795588580185,0.5488390140642685,-1.2137006373499604,0.7408366986484056,1.0385031241415605,1.8606924263248146,-1.3925226070445889,-0.07264913574961945,0.546949670620671,0.363616082533822,0.7395604577184147,-0.5869504503133007,1.944909289873785,-1.422382710302819,-0.11957836009962977,0.5500522834257785,0.33161738470313346,0.7416550973503644,-0.2965287610328957
1.5626566663859114,-2.189060338459891,0.12888040906239417,0.48783116439655716,-0.566439997903026,0.698449113677265,0.43101750258043525,1.1207114227327923,-2.1495532952274283,0.24863659472966443,0.5202589338406981,-1.0699490437336572,0.7212897710634042,0.45535693338542815,2.079700114729154,-1.389873047420219,-0.032304775580152614,0.5348875199802948,0.45987865833349223,0.7313600481160389,-0.2920101723498414,1.850304101901051,-1.3824655607031002,-0.14236750352374866,0.534900569696749,0.26119713097136565,0.7313689696020396,-0.5491366844631713
1.7877489206656925,-2.0015022693100613,0.12206438876502719,0.462964357280161,-0.368456046702888,0.6804148420487026,0.5103577053994539,1.1639415573350413,-2.377090582096484,0.21695542986654934,0.5744457733416528,-1.0619866310257484,0.7579220100654505,0.5823329919653446,1.8328371814516184,-1.5352086526929942,0.014151212572114968,0.5923266218887172,0.35500344739762496,0.7696275864914909,-0.5612371890346779,1.9135944685180797,-1.5841640645450734,-0.09105536620646335,0.5644591244938582,0.27115758548602736,0.7513049477368415,-0.3415313263996391
1.720571714708327,-1.763490493178546,0.05173675493403819,0.47248778696077376,-0.08164429172599795,0.6873774705071252,0.21298086748725797,1.1989981940890155,-2.1796247639060438,0.25742696291781236,0.5842470254200052,-1.0232622792528674,0.7643605336619658,0.24625001005501934,1.9464238988972664,-1.4004187926732012,-0.04133286125900208,0.5560948352270068,0.3811840949322734,0.7457176645534198,-0.574619544539233,1.6866689806372634,-1.4452840373959346,-0.0695875479590671,0.5220093031191471,0.03670491843702089,0.7225021128821334,-0.6504455047685762
1.435486883889459,-2.3734157508617337,0.12333072621765873,0.4535452197803652,-0.6299536893832659,0.6734576599760116,0.38544253738613277,1.5595194617837573,-2.6564796696313953,0.2852324920139773,0.5821974384778776,-1.103895594744257,0.7630186357343296,0.712324097624812,2.0375514560066543,-1.7298205535347808,-0.05977547250214969,0.48839071526889116,0.33602697685140087,0.698849565549619,0.02921423828792502,2.903320694650277,-1.1690276913009026,-0.1964478452226613,0.6082093606365647,0.9220217873796495,0.7798777857052762,0.9186486631135091
1.7477012882012815,-1.713857996539268,0.10269865110866963,0.4690652550319029,-0.3267026938629531,0.6848833879076809,0.0900370058489175,1.3254872665767046,-2.388676490485269,0.24204249333871575,0.5944941269255569,-1.1138696620714974,0.7710344524893533,0.6203159077622464,1.9460545317169404,-1.3750536777307205,-0.0405505314673026,0.5283373486038094,0.44986441138121436,0.7268681782853129,-0.4197038875928851,1.6620886301882738,-1.4104713197752594,-0.0443683354971157,0.5679737635826791,0.07101191800572604,0.753640341000055,-0.7214854630118746
1.6418852970797264,-1.746735796353866,0.07382044861264661,0.468134334063542,-0.23309046737815306,0.6842034303213789,0.05317820915282523,1.230700886763627,-2.19538107820693,0.3419445908134223,0.5936619720411748,-1.0475549676938,0.7704946281715238,0.08784673035028412,1.8230049372790642,-1.4132885538247206,-0.05602697327439319,0.5963982774873627,0.3325631239760209,0.7722682678236642,-0.5844632113032984,1.8644812271495468,-1.354885282369421,-0.07226676100848661,0.5384965072296646,0.21782249389902691,0.7338232125176094,-0.5974558802624506
1.447618242976045,-1.8533084718785648,0.08086525437391592,0.4290044257340236,-0.3777399259807086,0.6549842942651554,-0.15862943224576487,1.1401212437626929,-2.1261515203006125,0.26753447558731586,0.5912026069631127,-0.9500772585846923,0.7688970067330947,-0.18323670883928855,1.8579255110002513,-1.2340266167276457,-0.046009360868921,0.5931470816448329,0.5525713761018455,0.7701604259145187,-0.4621170002197852,2.5522921819337436,-1.3408094721992028,-0.12565306861317266,0.5352662733567504,0.7087756835697133,0.7316189399931842,0.722563146466427
1.473045882991817,-2.015022921452621,0.1097736860311191,0.4152071778325187,-0.4333079954964531,0.6443657174559481,0.24465516764856154,1.2172526376994997,-2.190781957585154,0.287341944026319,0.5873161796090672,-0.9382612458630841,0.7663655652552946,-0.1661709492121255,1.9348951792207008,-1.3770861666989453,-0.0648578855476446,0.5785969705631406,0.49340459660178076,0.7606556188993417,-0.4945423066278627,2.0476969169385817,-1.1652818071172337,-0.13333358644724097,0.5183039516107478,0.49176723129917993,0.7199332966398677,-0.18935772122235095
1.7407301569109765,-2.0103297275821577,0.05702175650575867,0.4273187818410572,-0.4490480676054573,0.653696245852045,0.597657726751196,1.191874527725598,-2.405839194091556,0.2831553049456689,0.5913736351945909,-1.1406778768911534,0.769008215297204,0.6486233398263614,1.9708506624932398,-1.8042943969504173,-0.040089700779723854,0.572804419204781,0.2864272533891976,0.7568384366592258,-0.27366647763095076,2.3015353260582545,-1.458080907658052,-0.07704560021687011,0.5641137647205409,0.3774167497666635,0.7510750726262594,-0.14499642600021723
1.6287776951428714,-1.8021723567115686,0.13562078556983237,0.4164422675599885,-0.44276560856011365,0.6453233821581149,0.2507318013528481,1.2799685569014616,-2.5143347941764764,0.2582687974546866,0.6066278634216367,-1.116365406660756,0.778863186587758,0.4771893213488898,1.7292382859077644,-1.5056637929046086,-0.04527596161373363,0.5521261138537987,0.3344981940978641,0.7430518917638248,-0.4704114395443564,1.9393783440682,-1.2829843824210365,-0.12156490344162081,0.5484795008445255,0.5135427259112562,0.7405940189095004,-0.37222409846378746
1.633368465213037,-2.0274697539585818,0.11426006434993415,0.44652474004651144,-0.4912765409507797,0.6682250669097287,0.25999305872291867,1.221144282860584,-2.206062998756809,0.2859024535385933,0.5400139559528584,-1.0735343238307675,0.7348564185967612,0.37945816420358325,1.7556161601183984,-1.5563307422876265,-0.030453800094087602,0.5503148399883773,0.39097032992257374,0.7418320834180585,-0.4063223236225286,2.37173969804078,-1.4815054438848336,-0.059888940154237735,0.5464568745485245,0.3029152447346571,0.739227214426339,-0.16242596602440074
1.4429335712022846,-1.8040359448521355,0.10057948679769,0.41814643914908434,-0.5371446099265776,0.6466424353142038,-0.04117059476912388,1.2477775106632243,-2.283236994422609,0.20972923089048573,0.5705953639625723,-0.9852031558144826,0.7553776300384942,0.24299547612378403,1.8709156753842933,-1.2795433430102632,-0.04575851063817356,0.562547561889071,0.5710412438680917,0.7500317072558139,-0.3792176172574502,2.29858442209757,-1.4154225668961087,-0.12208913707541098,0.5544616433782805,0.4219934897206628,0.7446218123170181,-0.1582248726367479
1.3981423410549014,-1.8738715506108332,0.11548576009788736,0.4248714374830459,-0.4693085661511161,0.6518216301129058,-0.08495640887532074,1.3322142139127497,-2.216054348814276,0.2805277177148092,0.5881690116414591,-1.0007292633780953,0.7669217767422302,0.2356876376736885,1.7885644321962786,-1.3390792013559412,-0.008337613377142755,0.5113806326143624,0.42936972244234345,0.7151088257142142,-0.4784451652051418,2.209144493788036,-1.329721194076474,-0.1532020278622957,0.546345262105094,0.429944246218674,0.739151717920681,-0.37673057506337093
1.5863443553142282,-1.8133655271725373,0.06832379023169007,0.41455632872134873,-0.2572149300970569,0.6438604885542742,0.07169999398569171,1.2603617362666482,-2.21696165045302,0.310948919141899,0.6054939314954061,-0.9958709691133171,0.7781349057171295,-0.015833079568464026,1.9112389856831729,-1.445408397802739,-0.045739365780034326,0.5546398222299184,0.47313164650100725,0.7447414465637846,-0.3775232468110432,2.2885204836629915,-1.1724478125117956,-0.09939327211873895,0.5336053383167143,0.46810257959924656,0.7304829486830711,-0.4046493843732266
1.5342828672332425,-1.6716056167125113,0.12063621333564811,0.40402627620328496,-0.4719958952779705,0.6356306130161486,0.09074813428560669,1.3041397830946404,-2.1890354478667002,0.2837516154356815,0.5945072264040681,-0.9637317917866955,0.7710429471852188,-0.0340877864856961,1.7963679473899106,-1.321557242142727,-0.034900671464066536,0.573371547258949,0.48492802645652916,0.7572130131336552,-0.451300673139325,1.9290287859183295,-1.123849538221446,-0.10236553867727108,0.5266565414681318,0.46047823084030187,0.7257110592158093,-0.5448161037697656
1.542108431449651,-2.0271743024959816,0.10293929150823473,0.3950679699835368,-0.34980765985967494,0.628544326188326,0.12514360257969503,1.3474327291063766,-2.1933359036285602,0.28038015471287664,0.5811681140533375,-0.9168421541328806,0.7623438292878991,-0.18950692950982395,1.8494174679591584,-1.4496586164366954,-0.018021712939732697,0.49734287879432726,0.5028711931839674,0.7052254099182241,-0.4061191600288234,2.6275093827292126,-1.1883394598490116,-0.1275851508423934,0.5040315167858209,0.6173623786657269,0.7099517707463099,0.1856255006165317
1.6040070594227784,-1.796940895649474,0.09479777717952595,0.4518421568027142,-0.40708772182782915,0.6721920535105382,0.12343337959087375,1.107035797772223,-2.2909285855973414,0.2917306383233801,0.5599290286780957,-0.9631424364342931,0.7482840561431839,-0.12249747018749257,1.705060014321545,-1.4344861045180077,-0.02666087087168815,0.5784132818911563,0.2953064122699017,0.760534865664393,-0.6072691330730904,1.876465205567813,-1.3775704227357122,-0.10469104354938948,0.544974180333333,0.4049866707426462,0.738223665519694,-0.41510814287707687
1.3925949312113763,-1.8679151662080256,0.18326199556189274,0.4452914456994021,-0.6616925114776417,0.6673016152381186,0.09469392327980852,1.2208624287119676,-2.197194328899866,0.2678481539080275,0.5496249759217483,-1.0609194730567635,0.741366964412192,0.4294342247546572,2.1102588466351784,-1.436517584896718,-0.02690915728954669,0.5285567500001034,0.421790744453477,0.727019085031544,-0.4156728807072718,1.8877359086383705,-1.2834511690044974,-0.10933501913500503,0.5321640449753015,0.46599434936795586,0.7294957470577204,-0.44928101940084275
1.4789107257281127,-1.9822420716227522,0.14269476640289122,0.4542430390497386,-0.5925587792977663,0.6739755478129297,0.07629794448677307,1.2311410928056263,-2.438821480732743,0.27474420706373254,0.5312507192181709,-1.1640780275494458,0.7288694802350905,0.5785309027605221,1.8906641478994668,-1.2568431515025917,0.03055022720308629,0.548270117094066,0.3587049571679486,0.7404526433838061,-0.5963943491350645,2.1795130544434995,-1.3638811585101582,-0.20090493173959173,0.529841773392173,0.7243803243094177,0.7279023103357847,0.1674394649206712
1.611669871757935,-1.9876695641528337,0.05102127188343721,0.39028391959619085,-0.17715490880330598,0.6247270760869829,0.4378404915660141,1.4908249447899462,-2.846790119232108,0.21093791778168045,0.6109116946310186,-1.017799505868352,0.7816084023544134,0.8249904160360595,1.8183081901534888,-1.5479489398383877,0.025842490262696406,0.45257640108836206,0.13339573310908118,0.6727379884385615,-0.09574210746685408,2.1971156366155773,-1.1856770009855802,-0.07357982760909589,0.605555114747378,0.6049779646484099,0.7781742187629824,-0.2330452006152579
1.7780818806966738,-1.8178335378968167,0.08675602109647867,0.45694962506888087,-0.09538066273232394,0.6759804916333613,0.1000480652084188,1.2837019366702993,-2.0676004784172006,0.3295637690414964,0.6455935865814904,-0.8292885596421623,0.803488386089986,-0.5989419603207669,1.7747220703294224,-1.6242340412012886,-0.07086660918296574,0.5814877634042283,0.276502139544779,0.7625534495392623,-0.6138516616108518,2.2250499635089436,-1.3495826075677186,-0.06807510332593977,0.49276389432857604,0.29112159720774694,0.7019714341257599,-0.32667269324124737
1.4348048249235927,-1.8721632302818496,0.14216290199395326,0.45098282890951524,-0.506782954190003,0.6715525511153354,-0.06935642249032625,1.1571714038290062,-2.1410868753063794,0.29928485132111576,0.6462106928281253,-1.0733869026590899,0.8038723112709663,-0.05937338480696708,1.7832309612915125,-1.6031764603849634,-0.013595774699902386,0.6036872497682767,0.2686953841553125,0.7769731332345261,-0.5847580895575826,2.109448878991439,-1.2895669495707647,-0.08047498066463435,0.5468379266963118,0.5878111571775831,0.7394849063343428,-0.01882153901243333
1.6972511603943148,-1.9836162632638838,0.09154873910221047,0.4504871632925612,-0.5468984717812323,0.6711834051081427,0.3327399218036913,1.1502440938484533,-2.234972150985774,0.28491115982642123,0.6233237086094565,-1.080441345092898,0.7895085234558628,0.025292554815139923,2.0177627436690724,-1.5521897419485369,-0.04595765692389546,0.5700042261586504,0.3677371105325575,0.7549862423638264,-0.4694773126077245,2.4309786876930493,-1.3992144550902008,-0.07489633387873434,0.5937990573958151,0.6419434726853525,0.7705835823554866,0.12358737242550166
1.5532473587054467,-1.993780272521694,0.1327564184842589,0.46875617618057625,-0.4181474909785564,0.6846577073111616,0.17562621770716147,1.103886713099072,-2.0415421488932375,0.3556248746141209,0.6149884315650564,-1.073546876238641,0.7842119812684938,-0.08776582192370519,1.9961720007507135,-1.6186663419071934,-0.03336448170387011,0.5706629335117569,0.3322981585533226,0.7554223543897526,-0.20337381618686523,2.474031664823839,-1.2679598847983324,-0.11267669478974465,0.5971332483353147,0.4221466956459286,0.7727439733413096,-0.21942384883560972
2.0183225696219087,-2.5682364995136395,-0.07696883186480867,0.5782825803400002,0.14605523207366244,0.7604489334202529,0.41156721417832287,2.6100925209217047,-1.8967526583331122,0.19030060382542785,0.7700818451465151,-0.01283432170886796,0.877543073100412,0.05910338480012678,2.512776120898766,-2.8968552632545768,-0.08559118184753295,0.6670779793726543,0.11422908522812901,0.8167484186532927,1.4773001001499715,2.500418920584057,-1.3535664099162517,-0.05294523933289648,0.6788127484171429,0.784348013558,0.8239009336183222,0.6658561329996657
2.8016958518819877,-2.3739475037027034,-0.14500753658334106,0.7036450863659318,1.0569031026205251,0.8388355538280026,1.8693653533845263,1.85632517481772,-3.3677491840754508,0.05976344217808179,0.751837441849525,-1.1064839944531233,0.867085602377023,3.098331731384823,4.060842148482072,-2.5950043914377092,-0.044830694295540124,0.7399301507789958,1.5052972246615357,0.8601919267111241,7.37909024365207,3.660195470756643,-0.8907492582599005,-0.3059257998123652,0.7941502749468529,2.0218270893468566,0.8911510954640929,4.272998319302495
1.8665036307041123,-2.3610572869163957,0.027212142845250854,0.49548159477015113,-0.34877515045693686,0.7039045352674972,0.7168857503447743,1.0919952718403239,-2.4766559232827574,0.28831363940251625,0.5788065774138144,-1.0724039100337182,0.7607933868099895,0.4647591106093647,2.003316097281249,-1.523633245108428,-0.1145001715082685,0.4795047898549423,0.41595595606753577,0.6924628436637899,-0.10699342288661651,1.9049860741055,-1.3740343737165277,-0.10539517519086801,0.5517823163510893,0.32488763421453737,0.7428205142233818,-0.40877024219196745
1.885189235477022,-1.9423688143735334,0.04230567062888891,0.5173951390442875,-0.09140076079961604,0.7193018414019857,0.20295753161662589,1.2499954577575487,-2.57643536205626,0.27295541631637354,0.5937454369165346,-1.2878102691629625,0.7705487894458952,1.0303280498565766,2.0477617641671233,-1.584138111176855,-0.033724277102003784,0.5487126752570792,0.3138360780224641,0.7407514260918295,-0.18772902949600212,1.7239920054600628,-1.461955417320492,-0.01858819889047279,0.5570913252579381,0.05156000486293312,0.7463855071328342,-0.4264720798593853
1.674831601420469,-2.214797182729657,0.0421012832220942,0.49853031729049285,-0.43509674822336625,0.7060667937883022,0.5527142537103256,1.188287102075041,-2.3415085403172684,0.25890473203134856,0.5274561711220682,-1.2363316709928411,0.7262617786460115,1.0529512091057107,2.013354255328607,-1.4939063110685367,-0.07185269297988926,0.5822672269631367,0.4102929094180125,0.7630643661992982,-0.43559544032600606,1.9401922523095727,-1.5270970777403947,-0.07129023881105782,0.5417593609450087,-0.002556480806592972,0.7360430428616309,-0.3368015816458412
1.4934317718718713,-1.941647390940873,0.13296851193557568,0.4426660063451808,-0.6756702764661551,0.6653315010918849,0.5756285869054296,1.2303404978304118,-2.3039183762098623,0.27929192281850657,0.5715127780624952,-1.2782910114604058,0.7559846414197151,0.8673635366656782,1.9369416604286815,-1.6110953654541507,-0.0663302621617209,0.5759943867120736,0.45612323590418113,0.7589429403532743,-0.4731226062202496,1.9532129601093104,-1.3794527417349394,-0.13745677565877432,0.5552810197444423,0.45544635207984563,0.7451718055216813,-0.32479825841821564
1.7099351050380274,-2.013843810450042,0.05572520536379698,0.4770069433211354,-0.4568437026775939,0.6906568926182779,0.4461968106532419,1.1716686874561817,-2.400661073801924,0.2943020746734518,0.5890947750358679,-1.1394567686410908,0.7675250973328936,0.6828273678275618,1.9534398200195722,-1.7074107295155332,-0.0903381023938957,0.6017494649309054,0.3567147046333878,0.775725122018686,-0.36923700325401887,1.6869698720565693,-1.3660382641200295,-0.07829600467035623,0.5497425254035158,0.23410753829445533,0.7414462390514337,-0.5819289863068584
1.840418524483414,-2.0807062981524833,0.06493931355788267,0.4689504002612507,-0.3142239682073964,0.6847995329008707,0.5316872846435015,1.1730078540152995,-2.3259572377145883,0.25564792469549424,0.5748407978574797,-1.211274994804535,0.7581825623538698,0.754966509748352,1.8717405800930014,-1.82430559914738,-0.08371648607570006,0.5952809246536116,0.30868244631008995,0.771544505944804,-0.4371981542487884,2.069719542800507,-1.5435314474696735,-0.08844035171669654,0.5474231979956411,0.2422594933243687,0.7398805295421965,-0.26767782158990316
1.6445704754396193,-2.000464529762976,0.05266640108923985,0.45954077873836446,-0.3118000319508569,0.6778943713723875,0.36877429164795306,1.2045487267161135,-2.309490127093676,0.3066509091569293,0.577824910012309,-1.0939439146986532,0.760147952712042,0.1745367188985183,2.1036755365216524,-1.6290205572176042,-0.07515167969042609,0.5885282758601542,0.33363089653939654,0.767155965798451,-0.2540757054969922,1.8409579166854813,-1.5595751246940412,-0.05900691035126321,0.5745391541868106,0.1359819655185174,0.7579836107639865,-0.4542661215495092
1.7735188479302224,-1.9230249816201919,0.05769261176683678,0.4979039389738171,-0.34938362888970526,0.7056230856298688,0.2988966328374736,1.199130516303396,-2.4521954927001035,0.24090329430142798,0.5865629656012135,-1.248803322724851,0.7658739880693256,0.8928981705085977,1.8917751001260528,-1.6275907835608046,-0.03681961344196424,0.5946660184981761,0.3220178300588909,0.7711459125860528,-0.41066631772189455,1.8634311666539585,-1.5427685579842347,-0.08382030786560664,0.5645361356212505,0.15009591470535807,0.7513561975662745,-0.44160084434046265
1.6944877648420575,-1.9274749852436668,0.07082396638778243,0.47000645309879624,-0.3731268491422757,0.685570166429955,0.17875769011835807,1.1296536692270425,-2.32357566072149,0.2991800264451493,0.6018634391536938,-1.190172495036189,0.7757985815620533,0.46328579413523086,2.0143401222967556,-1.5628842361514952,-0.05712911315368695,0.5942050007861502,0.44855857386873416,0.7708469373268277,-0.3347619762456864,1.9368099664206568,-1.5283404893066932,-0.02539321268800939,0.5566749574203697,0.22068033067859366,0.7461065322193404,-0.40566452297195
1.8915266272562605,-3.4343248486635525,0.08214621629338509,0.4942854515983543,-1.401429967059097,0.7030543731450323,4.816182026367813,1.3163246403542583,-3.521410105765436,0.10610287134741028,0.531127196450542,-1.645577840569148,0.7287847394468012,4.623995874561761,2.9873917430401784,-2.3132097246328,0.011120540562877595,0.5350325227355818,0.34318871324061234,0.731459173662879,2.1199868937052164,2.951606126767362,-1.0602403639336242,-0.27672882965046697,0.6481169024821597,1.3769813238300115,0.8050570802633561,1.5949530581755393
2.0164049483096766,-3.9489259893223414,0.037362411698361665,0.7595482337603713,-1.517828196744747,0.8715206444831765,5.506372310993638,2.788324258343186,-2.751903741032627,0.009668848829124976,0.7384622255440577,0.19072778242929564,0.859338248621611,1.6810514418520093,2.99944072590989,-2.4139241683280113,-0.057179793777437524,0.854453063434935,0.5865992541556914,0.9243663037102418,2.2091975558048835,2.9964588559438923,-0.9981705072852991,-0.3435926047503256,0.8840383225289367,1.6660170383014474,0.9402331213741285,2.026203654691199
2.3113037866084447,-3.895310509389316,-0.03427796236997691,0.6067193917907395,-1.235690240052346,0.7789219420395984,7.522530785949642,2.2982591252561066,-4.703187169937548,-0.08003116526352574,0.5665335895296961,-2.081649997194928,0.7526842561989032,14.008799818697103,2.7213495137442765,-3.4828692287236143,-0.1481749200743406,0.5803092634002759,0.3410285182267224,0.7617803248970637,5.342569159233716,4.076360323678609,-0.6552672921717791,-0.4649874697505797,0.8267914216738166,1.9176346511890385,0.9092807166512532,3.765817724101159
1.6795416960579863,-1.9688349283847508,0.08153469117249161,0.4657575149479303,-0.3861968643145252,0.6824642957312348,0.35613141795071446,1.1812253689820102,-2.2745129560328126,0.18230707988988712,0.5524836024054343,-1.12049280219609,0.7432924070683316,0.7068383468348114,1.7889054149412331,-1.5197168312058653,-0.04392797210670486,0.6039249621428894,0.3577018252702872,0.7771260915339862,-0.506883684271294,1.891798626597146,-1.3309459019014578,-0.05924882978421855,0.543007388790224,0.39399292320820817,0.7368903505883518,-0.285134826043667
1.5312151642749734,-2.0971513722437267,0.16197759269682338,0.47578410809224986,-0.7083620900210419,0.689771054837944,0.3643110221310204,1.3579231999010872,-2.4539268241623886,0.220186613762772,0.5734934215156741,-1.204946341565969,0.7572934844006477,1.0081536238576803,2.152058877277925,-1.5323517934916242,0.00902224241542256,0.6033213978952697,0.39980622508840097,0.776737663497316,-0.4433610191359185,1.9750609981366616,-1.3461212132782991,-0.08713782202741967,0.5482176123947923,0.513706316609271,0.7404171880735835,-0.20443917899416242
1.9358171071849255,-1.823293255022871,0.06298425769974599,0.4305588668528378,-0.19551690021065135,0.6561698460405185,0.49956955340735876,1.1613945510044072,-2.2781569054186868,0.2761672450057125,0.5631962008152701,-1.0059251686165867,0.7504639903521488,0.15649989445179546,1.772377266282318,-1.6029612494506984,-0.0618442805602379,0.5373073991325784,0.271622652824971,0.7330125504604804,-0.3933342048028119,1.8755791334019556,-1.461489106083319,-0.08579590396039906,0.5167469577402248,0.2203785450783866,0.7188511373992704,-0.3986603269222484
1.8366317155960126,-1.8415706892971666,0.07177241515937857,0.45320333901536913,-0.24230791727791007,0.6732037871368292,0.2600867476649267,1.1996367255340297,-2.2672404388269087,0.278148352081809,0.5880561012149614,-1.121197797507132,0.7668481604691775,0.35410021660791724,1.8749548410207724,-1.604178106053362,-0.062243914458437265,0.6263262141652974,0.44995311503123603,0.7914077420428091,-0.47051648608359153,2.3209947268410382,-1.3303677082964298,-0.06186365578602605,0.551807117128809,0.4196417226715787,0.7428372076900894,-0.231091784921988
1.8822577145205597,-2.1815073071641793,0.06468624559352834,0.4937235572466819,-0.3587833577976892,0.7026546500569693,0.37044896383877246,1.294782677187415,-2.19113037186513,0.2289737928507014,0.554550625402664,-1.0670821302354345,0.7446815597305092,0.46767498390837803,1.7617692031137637,-1.3350039484594434,-0.08108136624004553,0.5950243722329646,0.37303864101845585,0.7713782290374577,-0.7303649117732061,2.0127095206146732,-1.311171106434104,-0.07348188988776573,0.5441512320072626,0.331194671951599,0.7376660707984762,-0.2875873300852172
1.7883657064486151,-2.0198213130682614,0.10296732641633295,0.4766025224004754,-0.44472308592637194,0.6903640506287066,0.562970957764267,1.0786871335065595,-2.4155492721816323,0.3024696023727568,0.5848239426876489,-1.1460074713215176,0.7647378261127462,0.4367833733605817,1.8436894248619837,-1.6852450663820662,-0.040908170955242774,0.6490538313667726,0.33459242331116745,0.8056387722588658,-0.40992851680618925,2.0644504131149466,-1.4435608966081026,-0.08126881509198265,0.5491185305642254,0.32135804025281905,0.7410253238346348,-0.2753251536875321
1.6542432068003454,-2.091952797796977,0.1495924962893566,0.4850031315355324,-0.6192066031356978,0.6964216621670613,0.4258760882987045,1.485972625527826,-2.372552706670777,0.24497959944745346,0.6030743194475172,-1.0539384234562414,0.7765785983707748,0.5047689797987616,2.0561896513340523,-1.3734569442170388,-0.05726977932850741,0.6337605940081934,0.4719653041317935,0.7960908202009325,-0.5159486384676137,1.8314380926972702,-1.462549496746084,-0.03656080275254046,0.581132542407053,0.18197294240865614,0.7623204984827924,-0.4514111142272377
1.4774425313183595,-1.9418890931966075,0.1417745399047509,0.43261174786102136,-0.5797735525949425,0.6577322767365316,0.31015849613227875,1.2879175377102752,-2.2655967750740404,0.2776698325536449,0.5831838823484473,-1.0959032011324508,0.763664770922718,0.34896559159217455,1.9567892115496572,-1.413155688182402,-0.06269135062961123,0.6079757884389193,0.45842565375085215,0.779728022094191,-0.4927999760298496,2.288916314545721,-1.3913673199446048,-0.08432689774618703,0.5539075328071498,0.4308514946891112,0.7442496441431127,-0.12618335387400847
1.5237595622909847,-2.0777423630485634,0.134184116789534,0.4771571034217965,-0.6291524913084979,0.690765592239362,0.30418778104367084,1.2353846072476058,-2.2837479209921043,0.2673657504166077,0.5380156223159469,-1.1660133097372218,0.7334954821373796,0.8261472545834176,2.1554905380121543,-1.3873596461091897,-0.018139348778132985,0.5826342563228547,0.43743648161368126,0.7633048252977671,-0.4727720599351084,1.9842897204266072,-1.3200251933433873,-0.10267951731795082,0.5433772497234699,0.4344061617277973,0.7371412684984269,-0.4070787047017963
1.654483648280928,-2.253451551795789,0.13917005295125567,0.4353327354809227,-0.5216055082303153,0.6597974958128613,0.6769709831450417,1.1293629552657705,-2.109479554110557,0.31128565430575067,0.5775310912558872,-1.021598477009183,0.7599546639477168,-0.00963742199240425,1.9686126862812485,-1.4428002736789696,-0.07965873558845422,0.5725420473095846,0.39793420913083305,0.7566650826551894,-0.5595831905104309,2.381203127616261,-1.3880468825932497,-0.10364321881878383,0.5406574914132625,0.41147205966807415,0.735294152984547,-0.08440380278452153
1.6415523114732096,-2.172977578648975,0.1201704148998679,0.4724692701256826,-0.5915958958014739,0.6873640011854583,0.3610841151414448,1.2348286220045126,-2.369340855224647,0.29284178567422037,0.5610920060777332,-1.1639978209214497,0.7490607492571836,0.468490764878712,1.7313168425093814,-1.523208972565469,-0.029058450488908667,0.5865770147276419,0.3870590506075791,0.7658831599713117,-0.5496567167871818,2.21217644988326,-1.2614201747403802,-0.09940459939999705,0.5526846963311588,0.5892891232626378,0.7434276671816558,-0.08289109213331969
1.6263760626415558,-2.21954782649511,0.12078337166490691,0.47525235030401,-0.6149260302023987,0.6893854874480677,0.5010316119194589,1.2392917723820276,-2.2029925521735083,0.2465133890700803,0.5837639059643577,-1.1661565907464955,0.7640444397836802,0.4420060620963775,1.9662626594701362,-1.635162606406962,-0.05325361925588157,0.6299818544580766,0.3727847920136656,0.7937139626200843,-0.4997098647840015,2.6026476664211122,-1.2002688838656106,-0.13017497443167853,0.5766521064389278,0.7035256928350354,0.7593761297531861,0.1508751669032895
1.468929830215011,-2.1046038155140714,0.09320563205316768,0.4618288521848326,-0.6486006102104944,0.6795799086088645,0.6067116961942891,1.1261114990484893,-2.263123817892638,0.23662892027646013,0.5393549426603884,-1.0848812113437418,0.7344078857558574,0.5072744333334809,1.8444904209189072,-1.6249504507316026,-0.06797975124655668,0.6187676802268004,0.43791631692588057,0.7866178743372162,-0.4297016042181485,2.10200367834241,-1.2584345093539429,-0.08916312758952638,0.555562424054332,0.45033491624413663,0.7453606000147391,-0.26957649287067653
1.454108339479942,-2.0718924135877836,0.1453970681848113,0.47890947174862586,-0.6410754213482202,0.6920328545297729,0.1954990342366183,1.2539730293665114,-2.448125996281357,0.23388867393888396,0.590280918703626,-1.1458087116628284,0.7682974155258014,0.48065662897448913,1.8648416517958222,-1.3959540868876703,-0.07356881594282733,0.5599600236016541,0.4770742933508539,0.7483047665234093,-0.5006942445556568,2.250578298879356,-1.2854024597012854,-0.10837877209419382,0.5901296405651,0.6194393062026501,0.7681989589716326,0.08114866595337222
1.6319263318264632,-2.1151531840683,0.132004218008716,0.46094389242535583,-0.6955014494396419,0.6789284884473149,0.6109903032919268,1.0576721660598238,-2.176058521148458,0.3118910484975802,0.564268046389067,-1.128166868492117,0.7511777728268236,0.25737705314297665,1.8965006328426366,-1.831116838310916,-0.04093361529637793,0.5969422909239064,0.27308873784141163,0.772620405454002,-0.367190421585168,2.538703756154807,-1.4567471521383109,-0.1128108554324393,0.5510517344202248,0.5658740723636367,0.7423285892515691,0.23834434018432127
1.7005664234538653,-2.0924546558535644,0.13705861706048966,0.4840239793881995,-0.4738355493544795,0.6957183189971352,0.5379008235874694,1.148601120065454,-2.2888662202190977,0.2820641837310622,0.5854421197719152,-1.1283375365276818,0.7651418951880201,0.4874477618857358,1.9849586760938838,-1.58088008502425,-0.06418248830104087,0.580697202056337,0.36754178870590737,0.7620349086861684,-0.4086233155385166,1.8365810570075987,-1.4249221062325588,-0.06371455276627815,0.5574072515144612,0.15005800589775165,0.7465971145902328,-0.5093480185156505
1.3768591926246097,-2.1680109157255587,0.14026345577527488,0.45244456922709514,-0.8165852640504827,0.672639999722805,0.8538122172214244,1.2051940245797303,-2.4281094189963044,0.28742909017860224,0.5729282735933211,-1.1766277614794853,0.7569202557689424,0.6047358797338185,2.0335679899265475,-1.5716328389871472,-0.08350488830521538,0.6028838740531715,0.43569939832896615,0.7764559704536835,-0.33899178080043546,1.962948285622744,-1.4334227930647037,-0.0483557977257376,0.5530848747076494,0.26343789683155167,0.743696762603986,-0.2650269420904441
1.5010713793947197,-1.864309867816096,0.1081716116707923,0.45092899264608527,-0.3597148530768568,0.6715124664859806,-0.06357808273094889,1.1693151330654326,-2.2227430024233437,0.33211654438977095,0.6152504105039031,-1.0861540859989045,0.7843789967253733,0.07134605031795216,1.822252729990047,-1.3879620973335418,-0.0795512934324174,0.6111542880665902,0.5237175174121647,0.7817635755563125,-0.5006682510267413,1.8758128997548955,-1.3242408476131393,-0.062433936464246574,0.5415394270714687,0.3418070912837487,0.7358936248340984,-0.37269370594734186
1.351175465981706,-2.136641917580885,0.10601394013041938,0.456778394522101,-0.6882014032282161,0.6758538262983358,0.2459110152782613,1.3254424140540322,-2.401012040008589,0.24793560689421934,0.5558292674189064,-1.040221531145613,0.7455395813898189,0.5974074519733752,1.8854031941578828,-1.456492561412953,-0.060329997666442856,0.5751564592992996,0.5111727156882505,0.7583907035949871,-0.2778214214247243,2.195500969058595,-1.404803916979506,-0.07900088020228199,0.5888792760240641,0.3444361273019358,0.7673846988467155,-0.3037948105872701
1.5732790220112904,-2.071640539995022,0.1578425666809957,0.4205940985939145,-0.6910870532008371,0.6485322648827231,0.5850261876593943,1.1540676703327708,-2.0589009805921163,0.31350603754518697,0.5854955961268494,-1.0475972552777577,0.7651768397742116,0.018118281521662727,2.156371333276577,-1.519793408142927,-0.04982253160982232,0.5851687722690014,0.48410229989784037,0.7649632489662503,-0.21279960144844967,1.955258011563385,-1.3939548666811563,-0.15267611603032516,0.550069557892836,0.5419332050243996,0.7416667431487244,-0.2999364164257359
1.500019785407709,-2.2187223072937354,0.13522427530588432,0.4946081407531014,-0.7298553531825706,0.7032838265971295,0.5543724720539083,1.154996407238198,-2.4119470360648734,0.2503491096706016,0.5476151743205988,-1.3070335182986375,0.7400102528482959,1.210184919052601,1.925600824906996,-1.62824792055132,-0.043055346599821465,0.5843104064522192,0.39817525363398565,0.7644019927055523,-0.40103377730154577,2.3584824174977386,-1.240134462304463,-0.08192660311299085,0.5432558889472542,0.4723844270300345,0.7370589453681803,-0.18281256791985845
1.4188982548191724,-2.04413965979683,0.1226376415708357,0.43087866763068877,-0.6411258163825518,0.6564134883064856,0.38833643262841067,1.2531981640255616,-2.4679409630387923,0.28060031449415107,0.5853715049753856,-1.1516713147668385,0.7650957488938137,0.42117805390975294,1.9884858425281835,-1.645686438806075,-0.04270893294046836,0.564706187026818,0.3599188623422459,0.751469352020971,-0.2834380442791624,2.152526334511425,-1.266744669339728,-0.07623488550374233,0.5993244568094531,0.4875409351781607,0.7741604851769774,-0.23200699446572903
1.533762632917388,-2.202549308850221,0.09926975270720133,0.4469924772688948,-0.6507044202778737,0.6685749600971418,0.6061948647090083,1.1561435595356673,-2.29510721429261,0.29387766994664544,0.5516008114998345,-1.2488068997963262,0.7426983314238929,0.761782972766472,1.8210212986122323,-1.6501102811395683,-0.10522596962113766,0.5519301992276469,0.38011254779098713,0.7429200490144595,-0.3037562417507167,1.9430421409779648,-1.395256651445982,-0.11248910077960166,0.5519536532682888,0.3451489606893623,0.742935833883579,-0.33450664956092924
1.7044749480067285,-2.098108870534298,0.10163847763922518,0.3948042925492121,-0.6007482738990717,0.6283345387205864,0.7417821975476331,1.0264661627177891,-2.1315029767845672,0.3575805506440499,0.5787967087308703,-1.0175245435476592,0.7607869009984796,-0.24243423892212723,1.8838761542236167,-1.5878025151851998,-0.03472829752010705,0.5817171932776593,0.32667333753311345,0.762703869976847,-0.30457887181258103,2.537817084457235,-1.2950807766732761,-0.10771507872406823,0.5254622488111956,0.8014455382903408,0.7248877491109886,0.6216733266257122
1.7096214538918868,-2.062305393284763,0.12520609296264765,0.4479574938804838,-0.518672117472655,0.6692962676427262,0.541151657706374,1.1639948646669804,-2.4349510584958414,0.19834221072923258,0.5852726935835867,-1.101498791724867,0.7650311716417748,0.6166167975854169,2.208715186074254,-1.659975320802293,-0.07464290755077235,0.5370704826463282,0.4615833200379938,0.7328509279835348,-0.1676840962123638,1.827983066260175,-1.3382857754516704,-0.022829946549153712,0.5561344226916884,0.18480775743428932,0.7457442072800086,-0.4988457378674349
1.5723445400923364,-2.1216816533411427,0.10958309174844479,0.45185970361529326,-0.6855722364031374,0.6722051053177841,0.5703494398201432,1.4186162641080684,-2.362467455973602,0.26645594712953147,0.5473202108800718,-1.1102210065877156,0.7398109291434344,0.846354240154052,1.9303671681301473,-1.5847691549879896,-0.107209085672469,0.5217229031513076,0.5625001129946703,0.7223038855989269,-0.18002387346516802,1.853667406484396,-1.3594029120517088,-0.09739920742147681,0.5346056820671186,0.27055838557494694,0.7311673420408754,-0.5374673865210031
1.466538612034458,-2.0116521041606377,0.13497808204080233,0.4473645519940553,-0.6250866472644947,0.6688531617582856,0.40186418004335334,1.1782672382059958,-2.3291372761187032,0.23990878349898379,0.5532324453649432,-1.0656677656307498,0.7437959702532296,0.5991389169996642,1.9244056544626544,-1.3756913113011713,-0.062274655427761935,0.5840067082924515,0.5646067279020615,0.764203316070044,-0.30267592975903934,1.8571946218768887,-1.4274709682142497,-0.0781926401512328,0.5399366502068528,0.30238547088840095,0.7348038174961075,-0.4899919407805382
1.3800718508837506,-1.8862393040289245,0.13704543692637633,0.4095696260606507,-0.7028452571273198,0.6399762699199485,0.23493652110785845,1.2523304755907039,-2.1010689151119584,0.30193406073786727,0.5591567587393559,-1.0132528799671288,0.747767850832968,0.03113478636251621,1.9065992953332365,-1.7448856295037143,-0.08911402237273564,0.6354825490378537,0.49832431152388235,0.79717159322059,-0.41613398491476605,2.30649991906973,-1.3455560838308933,-0.17775276147454605,0.5640268638260583,0.7552706255095817,0.751017219393842,0.07125095158302441
1.4684962497970688,-2.2548771428835606,0.06795043670777327,0.4703140972504087,-0.6587154550215377,0.6857945007437787,0.5613404363482095,1.4027311599836652,-2.51677583535987,0.1218204164465195,0.600155789580728,-1.2534634867444063,0.7746972244565795,1.469190061160985,2.1761521529439762,-1.4095838525941964,-0.06181121319830429,0.5771390342299613,0.8881633583326107,0.7596966725147355,0.6234180375391953,2.56501027233213,-1.2011550336151084,0.02010304708327599,0.717678491561549,0.4606303029022003,0.8471590709905366,-0.3431852000572855
3.6295206542302423,-2.5631501057346306,-0.04049668601166199,0.6255222886032753,1.2768974142713776,0.7908996703775235,6.526926277919094,1.6567437113788686,-3.4905469197818513,0.07755412776139828,0.531795606038039,-2.1771807323738672,0.7292431734600188,7.421372154541472,2.926888868351404,-1.9357280435822133,-0.05262382405515899,0.36390187146764785,1.155276717266387,0.6032427964490317,6.548548723869911,3.569916079627731,-0.6431875213187099,-0.46869211813218437,0.8063668379993661,1.8743684082419343,0.8979793082245081,2.823269975784993
